{"cameraMode":{"drawMode":0,"name":"Shaded","section":"Shading Mode"},"sceneLighting":false,"audioPlay":false,"sceneViewState":{"showFog":true,"showMaterialUpdate":true,"showSkybox":false,"showFlares":true,"showImageEffects":true,"showParticleSystems":true,"showVisualEffectGraphs":true,"m_FxEnabled":true},"in2DMode":false,"pivot":{"x":-0.10769668221473694,"y":-0.11004063487052918,"z":0.22778299450874329},"rotation":{"x":-0.341280996799469,"y":-0.04002957418560982,"z":0.014545234851539135,"w":-0.9390202760696411},"size":0.8872701525688171,"orthographic":false}