{"cameraMode":{"drawMode":0,"name":"Shaded","section":"Shading Mode"},"sceneLighting":false,"audioPlay":false,"sceneViewState":{"showFog":true,"showMaterialUpdate":false,"showSkybox":false,"showFlares":true,"showImageEffects":true,"showParticleSystems":true,"showVisualEffectGraphs":true,"m_FxEnabled":true},"in2DMode":false,"pivot":{"x":0.30187666416168215,"y":0.002900034189224243,"z":-0.003897249698638916},"rotation":{"x":-0.09285403788089752,"y":0.9070334434509277,"z":-0.2823761999607086,"w":-0.29824814200401308},"size":0.3732638359069824,"orthographic":false}