{"cameraMode":{"drawMode":0,"name":"Shaded","section":"Shading Mode"},"sceneLighting":false,"audioPlay":false,"sceneViewState":{"showFog":true,"showMaterialUpdate":false,"showSkybox":false,"showFlares":true,"showImageEffects":true,"showParticleSystems":true,"showVisualEffectGraphs":true,"m_FxEnabled":true},"in2DMode":false,"pivot":{"x":-0.8006406426429749,"y":1.163879156112671,"z":-0.7834212779998779},"rotation":{"x":-0.00867432076483965,"y":0.10813114792108536,"z":-0.0006788679165765643,"w":-0.9942931532859802},"size":0.10878586769104004,"orthographic":false}