{"cameraMode":{"drawMode":0,"name":"Shaded","section":"Shading Mode"},"sceneLighting":false,"audioPlay":false,"sceneViewState":{"showFog":true,"showMaterialUpdate":false,"showSkybox":false,"showFlares":true,"showImageEffects":true,"showParticleSystems":true,"showVisualEffectGraphs":true,"m_FxEnabled":true},"in2DMode":false,"pivot":{"x":0.2691078186035156,"y":0.6211820840835571,"z":0.056873857975006106},"rotation":{"x":-0.2444298267364502,"y":0.08077333867549896,"z":-0.020434368401765825,"w":-0.966087281703949},"size":0.7649285197257996,"orthographic":false}