{"cameraMode":{"drawMode":0,"name":"Shaded","section":"Shading Mode"},"sceneLighting":false,"audioPlay":false,"sceneViewState":{"showFog":true,"showMaterialUpdate":false,"showSkybox":false,"showFlares":true,"showImageEffects":true,"showParticleSystems":true,"showVisualEffectGraphs":true,"m_FxEnabled":true},"in2DMode":false,"pivot":{"x":1.6981313228607178,"y":0.1343282163143158,"z":-1.5733473300933838},"rotation":{"x":-0.33348721265792849,"y":-0.2256280481815338,"z":0.08281795680522919,"w":-0.9118133187294006},"size":0.34376317262649538,"orthographic":false}