{"cameraMode":{"drawMode":0,"name":"Shaded","section":"Shading Mode"},"sceneLighting":false,"audioPlay":false,"sceneViewState":{"showFog":true,"showMaterialUpdate":false,"showSkybox":false,"showFlares":true,"showImageEffects":true,"showParticleSystems":true,"showVisualEffectGraphs":true,"m_FxEnabled":true},"in2DMode":false,"pivot":{"x":9.5367431640625e-7,"y":0.00009053200483322144,"z":-0.09190988540649414},"rotation":{"x":0.04027359187602997,"y":-0.9596835374832153,"z":0.1946823000907898,"w":0.19976043701171876},"size":14.142499923706055,"orthographic":false}