{"cameraMode":{"drawMode":0,"name":"Shaded","section":"Shading Mode"},"sceneLighting":false,"audioPlay":false,"sceneViewState":{"showFog":true,"showMaterialUpdate":false,"showSkybox":false,"showFlares":true,"showImageEffects":true,"showParticleSystems":true,"showVisualEffectGraphs":true,"m_FxEnabled":true},"in2DMode":false,"pivot":{"x":2.460940361022949,"y":-0.38539546728134158,"z":-2.300293445587158},"rotation":{"x":-0.0032395420130342247,"y":0.9935232400894165,"z":-0.11074807494878769,"w":-0.033404506742954257},"size":3.841543436050415,"orthographic":false}