{"cameraMode":{"drawMode":0,"name":"Shaded","section":"Shading Mode"},"sceneLighting":false,"audioPlay":false,"sceneViewState":{"showFog":true,"showMaterialUpdate":false,"showSkybox":false,"showFlares":true,"showImageEffects":true,"showParticleSystems":true,"showVisualEffectGraphs":true,"m_FxEnabled":true},"in2DMode":false,"pivot":{"x":12.071296691894532,"y":1.5360641479492188,"z":2.888026475906372},"rotation":{"x":-0.05344143509864807,"y":0.17524299025535584,"z":-0.009521444328129292,"w":-0.9830330610275269},"size":2.747321128845215,"orthographic":false}