{"cameraMode":{"drawMode":0,"name":"Shaded","section":"Shading Mode"},"sceneLighting":false,"audioPlay":false,"sceneViewState":{"showFog":true,"showMaterialUpdate":true,"showSkybox":false,"showFlares":true,"showImageEffects":true,"showParticleSystems":true,"showVisualEffectGraphs":true,"m_FxEnabled":true},"in2DMode":false,"pivot":{"x":-1.3811655044555665,"y":1.4077996015548707,"z":0.8609938621520996},"rotation":{"x":0.000651660724543035,"y":0.9997072219848633,"z":0.0017874606419354678,"w":-0.03658456727862358},"size":5.740217685699463,"orthographic":false}