{"cameraMode":{"drawMode":0,"name":"Shaded","section":"Shading Mode"},"sceneLighting":false,"audioPlay":false,"sceneViewState":{"showFog":true,"showMaterialUpdate":true,"showSkybox":false,"showFlares":true,"showImageEffects":true,"showParticleSystems":true,"showVisualEffectGraphs":true,"m_FxEnabled":true},"in2DMode":false,"pivot":{"x":2.450958013534546,"y":5.777475357055664,"z":9.111008644104004},"rotation":{"x":0.0053235008381307129,"y":0.4533919095993042,"z":-0.0020903446711599828,"w":0.8917171359062195},"size":5.032996654510498,"orthographic":false}