{"cameraMode":{"drawMode":0,"name":"Shaded","section":"Shading Mode"},"sceneLighting":false,"audioPlay":false,"sceneViewState":{"showFog":true,"showMaterialUpdate":false,"showSkybox":false,"showFlares":true,"showImageEffects":true,"showParticleSystems":true,"showVisualEffectGraphs":true,"m_FxEnabled":true},"in2DMode":false,"pivot":{"x":-0.785636842250824,"y":0.015501677989959717,"z":-1.3230054378509522},"rotation":{"x":-0.010127193294465542,"y":-0.9708821773529053,"z":0.2357487827539444,"w":-0.041685327887535098},"size":2.1467151641845705,"orthographic":false}